,County_1,FIPS,Population,Hum_18,Pre_18,Tmax_18,Tmin_18,WS_18,LSTNight_2018,LSTDay_2018,Chlorophyll_2018,Ag_MEAN_2018,Fs_MEAN_2018,Rn_MEAN_2018,Cases_normalized_2018
0,Adams,17001,65435,85.17500787,4.235708231,29.33740045,18.11086035,3.835810281,21.05,26.79,1.411056863,0.74,0.78,0.76,0.0
1,Alexander,17003,5761,94.91245585,3.769076758,30.32517695,19.71844876,3.098564885,21.28,27.92,1.38631711,0.78,0.85,0.65,0.0
2,Bond,17005,16426,93.62165288,4.407457748,29.67491357,18.44297918,3.747461478,21.29,27.59,1.782202141,0.78,0.82,0.79,6.010699044298852
3,Boone,17007,53544,96.52473071,5.729556392,26.58688361,14.93039626,3.876065775,17.34,26.83,1.282975289,0.72,0.75,0.73,0.0
4,Brown,17009,6578,89.38544117,3.94391365,29.17197057,17.44903868,3.916483735,20.85,26.99,1.664358114,0.77,0.82,0.78,0.0
5,Bureau,17011,32628,91.67015968,3.954624196,27.8387369,16.39619639,3.646214927,19.36,25.86,1.533881112,0.73,0.78,0.76,0.0
6,Calhoun,17013,4739,88.38620983,3.352707862,30.24363301,18.64780435,3.719645674,21.26,26.93,1.888155315,0.75,0.81,0.81,0.0
7,Carroll,17015,14305,95.3542201,5.904386687,27.46573254,15.22277209,3.721887814,19.34,25.12,1.404258911,0.72,0.79,0.74,0.0
8,Cass,17017,12147,91.76486901,4.246243848,29.32719481,17.38767737,3.961909378,21.22,26.56,1.672038479,0.72,0.79,0.74,0.0
9,Champaign,17019,209689,93.7048703,4.59712548,28.50108915,17.32197597,3.567442265,0.0,0.0,1.486351747,0.75,0.79,0.75,0.952752979734944
10,Christian,17021,32304,94.48744672,4.792936971,28.92615186,17.70783381,3.732046885,20.34,27.31,1.61883228,0.72,0.78,0.77,0.0
11,Clark,17023,15441,95.15447,5.117160414,29.36247365,17.89184747,3.448042135,19.51,26.99,1.353092247,0.76,0.81,0.77,0.0
12,Clay,17025,13184,93.44493801,5.380674488,30.03696392,18.59943929,3.4750187,0.0,0.0,1.611215466,0.76,0.81,0.79,0.0
13,Clinton,17027,37562,92.39833183,5.319349381,29.83619249,19.09293289,3.605882894,23.43,26.21,1.750652212,0.77,0.81,0.74,5.305461973101308
14,Coles,17029,50621,93.80241616,4.953207759,28.9053059,17.97425782,3.594984855,19.37,27.13,1.506259359,0.76,0.81,0.72,1.967380825906471
15,Cook,17031,5150233,89.86909298,4.022197895,27.33991875,16.97876303,3.873144266,19.48,30.13,0.692520145,0.67,0.73,0.59,2.010843084633292
16,Crawford,17033,18667,96.2388897,5.453094576,29.52598961,18.08598129,3.173566913,19.7,28.15,1.244102935,0.76,0.79,0.81,0.0
17,Cumberland,17035,10766,94.74744847,5.54018149,29.41120324,18.00685917,3.622612776,19.25,26.93,1.444115766,0.78,0.82,0.72,0.0
18,DeKalb,17037,104897,94.72663597,4.049858257,27.11802014,15.51325874,3.932169583,18.29,26.82,1.152057686,0.71,0.74,0.72,1.916645104409242
19,De Witt,17039,15638,92.34804399,3.241497815,28.77042805,17.17654546,3.808432912,20.37,26.49,1.441542456,0.73,0.77,0.0,0.0
20,Douglas,17041,19465,94.01989434,4.313557584,28.79755778,17.67698377,3.608212015,0.0,0.0,1.451150503,0.74,0.78,0.64,0.0
21,DuPage,17043,922921,92.76471072,3.770662472,27.8522439,16.33184719,3.949273419,18.7,30.12,0.692728049,0.71,0.72,0.81,1.941230330214064
22,Edgar,17045,17161,96.52189774,4.46803463,28.5686793,17.31105186,3.530608601,0.0,0.0,1.397862856,0.75,0.81,0.77,5.76036866359447
23,Edwards,17047,6395,94.27369261,4.882836902,30.41349055,18.99234184,3.196075098,0.0,0.0,1.306729112,0.75,0.78,0.78,15.65680288085173
24,Effingham,17049,34008,94.3997157,5.564216933,29.61034821,18.18671842,3.679383637,20.85,27.56,1.479935947,0.76,0.81,0.81,0.0
25,Fayette,17051,21336,94.60109863,5.294783448,29.3844936,18.06838543,3.688022288,22.69,26.4,1.787292163,0.78,0.82,0.72,0.0
26,Ford,17053,12961,94.0619607,3.525825477,28.55330917,16.61671191,3.700249011,0.0,0.0,1.499395453,0.73,0.74,0.79,7.568876778686043
27,Franklin,17055,38469,94.07947196,4.139413461,30.00390867,19.1050443,2.860496224,23.19,26.9,1.369130875,0.79,0.79,0.76,2.584313218762114
28,Fulton,17057,34340,91.63492012,4.194181299,28.56327891,16.96576424,4.00900181,21.29,26.87,1.504928588,0.77,0.8,0.77,2.871088142405972
29,Gallatin,17059,4828,95.11039559,3.751509131,30.24249425,19.19811114,3.015396978,20.51,27.65,1.295577627,0.73,0.82,0.76,0.0
30,Greene,17061,12969,90.73775417,3.536891508,29.85277768,18.17302295,3.770474295,20.36,26.78,1.683626857,0.73,0.79,0.68,0.0
31,Grundy,17063,51054,92.21015711,3.098734082,28.27788959,16.30859368,3.601012976,19.68,26.72,1.366800594,0.73,0.75,0.77,0.0
32,Hamilton,17065,8116,94.26259463,4.146300876,30.16710023,18.96240928,3.071149542,0.0,0.0,1.369861316,0.76,0.8,0.76,0.0
33,Hancock,17067,17708,87.24335161,4.381747727,28.99904246,17.75600572,3.920646903,21.03,25.84,1.423828097,0.74,0.79,0.79,0.0
34,Hardin,17069,3821,95.75627907,4.265693477,29.65245229,19.00793195,3.294873601,21.33,27.07,1.682286996,0.79,0.83,0.76,0.0
35,Henderson,17071,6646,89.36282884,3.700324832,28.57150242,17.23597914,3.889746351,21.43,25.11,1.354338708,0.75,0.76,0.75,0.0
36,Henry,17073,48913,91.84706885,4.565503392,28.01684223,16.47309397,3.754948215,18.59,26.67,1.341223398,0.74,0.77,0.77,0.0
37,Iroquois,17075,27114,93.18699751,3.454099874,28.44586867,16.5367651,3.73916445,17.97,28.47,1.435175207,0.72,0.77,0.79,0.0
38,Jackson,17077,56750,93.92812904,4.672464853,30.02980067,19.20643354,2.980481634,21.77,26.86,1.507208017,0.79,0.84,0.75,0.0
39,Jasper,17079,9610,94.10514099,5.540488976,29.37295723,18.48132753,3.551870777,20.63,27.45,1.417226506,0.76,0.8,0.78,0.0
40,Jefferson,17081,37684,93.31301306,4.7663601,29.83274079,18.78772159,3.150349503,23.08,26.82,1.528519211,0.8,0.81,0.75,0.0
41,Jersey,17083,21773,91.55737615,2.898043919,30.00771613,18.37915361,3.72891717,21.59,27.32,1.560961033,0.74,0.81,0.75,0.0
42,Jo Daviess,17085,21235,96.04430128,6.527938374,26.62361714,15.10120762,3.696281281,19.32,24.57,1.4860072,0.76,0.79,0.79,0.0
43,Johnson,17087,12417,95.10026453,3.71231248,30.18002823,19.43152747,2.983674909,21.23,26.87,1.458175651,0.81,0.83,0.7,0.0
44,Kane,17089,532403,94.52195379,4.205305874,27.29450794,15.70403894,3.936629101,18.85,29.87,1.030692008,0.72,0.74,0.68,1.3140111127796967
45,Kankakee,17091,109862,92.76043135,3.091646807,28.32311941,16.42424511,3.66092182,19.45,28.09,1.322050306,0.72,0.76,0.72,0.0
46,Kendall,17093,128990,92.70534271,3.362064308,27.99786521,16.24481959,3.648522856,18.23,28.49,1.188073392,0.71,0.74,0.76,0.7829811223251407
47,Knox,17095,49699,92.36423004,4.278839421,28.14491595,16.45829911,3.921831434,19.17,26.85,1.340857869,0.76,0.79,0.66,0.0
48,Lake,17097,696535,94.39550925,4.868509596,26.19037586,15.69764721,4.254567575,18.94,26.65,1.109830099,0.7,0.72,0.7,1.1435318266348575
49,LaSalle,17099,108669,91.65667014,3.547299697,28.00620666,16.30566307,3.68807559,21.16,27.83,1.340794752,0.74,0.76,0.65,0.9160948707848184
50,Lawrence,17101,15678,94.18562016,4.97931636,30.100034,18.81131005,3.164520636,19.57,28.27,1.133504331,0.75,0.78,0.73,0.0
51,Lee,17103,34096,94.56440219,4.775606411,27.41032965,15.69753131,3.819124796,17.89,25.92,1.371356145,0.72,0.77,0.7,0.0
52,Livingston,17105,35648,93.27733288,3.386012496,28.50346768,16.50056459,3.613020414,18.03,28.16,1.449409805,0.71,0.74,0.76,0.0
53,Logan,17107,28618,92.22471681,3.529892974,29.0416265,17.37037087,3.824580076,19.74,27.42,1.430298808,0.72,0.76,0.78,0.0
54,McDonough,17109,29682,92.83518574,4.630297585,28.43897687,16.8035475,4.013890733,18.79,27.26,1.347673369,0.76,0.8,0.72,0.0
55,McHenry,17111,307774,96.97825307,5.320938522,26.72788693,14.77339341,3.949893365,18.3,27.33,1.32977429,0.73,0.75,0.72,0.6488219016321115
56,McLean,17113,171517,93.10987184,3.065279548,28.75121943,16.80930146,3.958093286,18.99,27.44,1.410552052,0.75,0.78,0.71,0.0
57,Macon,17115,104009,91.62013826,3.899011152,28.91230811,17.78559462,3.725911024,20.85,28.56,1.487452248,0.72,0.77,0.76,0.0
58,Macoupin,17117,44926,92.83864731,3.553475779,29.57604552,18.01862884,3.782365328,20.02,27.19,1.492661354,0.74,0.8,0.68,2.206628712652809
59,Madison,17119,262966,92.91903447,3.814408738,29.90866358,18.78468721,3.609970902,21.93,29.77,1.424295215,0.74,0.77,0.8,0.7575011551892616
60,Marion,17121,37205,92.70415332,5.666621012,29.7594213,18.64250111,3.475881122,20.67,28.47,1.733901929,0.79,0.83,0.76,5.350311655653941
61,Marshall,17123,11438,91.64609112,3.648472719,28.39813482,16.64281073,3.739627958,20.26,26.37,1.486918429,0.73,0.79,0.72,0.0
62,Mason,17125,13359,91.37473526,3.882406316,29.10529262,17.26961227,3.953896095,21.79,26.39,1.503607247,0.72,0.75,0.79,0.0
63,Massac,17127,13772,95.55368174,4.613021509,30.40518131,19.68409306,3.012352043,22.15,27.57,1.182090202,0.79,0.81,0.76,0.0
64,Menard,17129,12196,90.8423999,3.975016305,29.13873413,17.67870579,3.932027515,19.12,27.99,1.726998189,0.74,0.8,0.77,0.0
65,Mercer,17131,15437,91.44855868,4.413862181,28.36150696,16.72576678,3.767229656,20.35,25.68,1.362930962,0.76,0.77,0.8,0.0
66,Monroe,17133,34637,91.14250869,4.406732133,30.34290152,19.2928057,3.27476111,21.37,27.38,1.523707993,0.78,0.82,0.73,0.0
67,Montgomery,17135,28414,93.92416442,4.2860661,29.54122614,17.90246178,3.752178465,20.51,27.12,1.606291545,0.75,0.8,0.74,0.0
68,Morgan,17137,33658,92.17997672,4.120253459,29.33978038,17.57067981,3.872309077,21.42,27.32,1.59844541,0.72,0.78,0.0,0.0
69,Moultrie,17139,14501,93.2124436,4.209479246,29.11785068,17.87718886,3.635598377,21.17,26.29,1.591596761,0.75,0.77,0.78,0.0
70,Ogle,17141,50643,95.84585016,5.733770237,27.05805725,15.33326196,3.935053528,17.4,25.87,1.426792657,0.72,0.78,0.75,0.0
71,Peoria,17143,179179,90.80967829,3.54279444,28.35161013,16.82113583,3.918131755,20.93,27.82,1.276437825,0.74,0.79,0.74,0.5536485439043296
72,Perry,17145,20916,93.62251564,4.932249258,29.84072955,19.03073407,2.982243538,20.11,29.49,1.342911946,0.79,0.8,0.75,0.0
73,Piatt,17147,16344,92.78940686,3.810883428,28.74955789,17.51992972,3.608175664,0.0,0.0,1.740553545,0.76,0.79,0.76,0.0
74,Pike,17149,15561,87.27510397,3.115743971,29.77053363,18.29571152,3.820593665,20.7,26.61,1.579307451,0.72,0.79,0.81,0.0
75,Pope,17151,4177,95.81194802,4.811091294,29.86409742,19.18562824,3.03934289,20.49,27.63,1.643194412,0.8,0.85,0.79,0.0
76,Pulaski,17153,5335,95.47135112,3.84985605,30.33812179,19.81725675,3.061001406,21.06,28.29,1.236520259,0.78,0.81,0.77,0.0
77,Putnam,17155,5739,90.31468386,4.295241315,28.09857247,16.7019569,3.654900938,20.52,26.14,1.441697274,0.73,0.78,0.77,0.0
78,Randolph,17157,31782,91.86615388,4.760780002,29.79643831,19.1081774,3.0539485,22.33,27.98,1.499251904,0.79,0.81,0.77,0.0
79,Richland,17159,15513,94.23352208,5.51506171,29.79377151,18.56042905,3.382801112,20.92,28.02,1.36514918,0.75,0.79,0.72,0.0
80,Rock Island,17161,141879,91.03189783,4.533326476,28.08036833,16.72157322,3.653528487,20.38,26.53,1.079138874,0.75,0.76,0.71,1.4023180317064108
81,St. Clair,17163,259686,91.8545032,4.780218505,30.3800652,19.29561244,3.128871405,22.43,30.12,1.328784053,0.77,0.79,0.75,0.7652280379553107
82,Saline,17165,23491,94.63694188,3.757853498,30.29727072,19.17298093,2.972439941,20.23,29.53,1.287807327,0.75,0.81,0.75,0.0
83,Sangamon,17167,194672,92.03439755,4.45413397,29.35107544,17.91889911,3.81494811,21.65,27.74,1.432796502,0.72,0.78,0.78,0.5111455282433461
84,Schuyler,17169,6768,90.5579522,5.073540878,29.05681582,17.42010189,3.992100219,20.51,26.83,1.72195368,0.77,0.82,0.76,0.0
85,Scott,17171,4951,90.08175696,3.60355083,29.62339899,17.93603006,3.858925026,19.94,27.17,1.588709718,0.72,0.77,0.78,0.0
86,Shelby,17173,21634,94.90556724,5.044598237,29.29803423,17.80296959,3.665897789,21.23,26.32,1.589127445,0.76,0.81,0.73,0.0
87,Stark,17175,5342,92.27530089,3.89778117,28.03391717,16.30896707,3.803249896,0.0,0.0,1.402462389,0.74,0.77,0.75,0.0
88,Stephenson,17177,44498,96.30955544,6.330770686,26.55054773,15.03501205,3.871343201,16.15,25.93,1.370010411,0.74,0.76,0.74,4.464584682009956
89,Tazewell,17179,131803,90.6071754,3.528295826,28.91638282,17.17859418,3.934614286,22.34,28.38,1.452977177,0.73,0.77,0.79,1.5100037750094375
90,Union,17181,16653,94.37548341,4.005038369,30.26243179,19.47381217,2.955902964,21.18,27.74,1.607642654,0.8,0.84,0.74,0.0
91,Vermilion,17183,75758,95.04293436,4.382649364,28.35332097,17.01132838,3.575030006,20.0,27.39,1.370280817,0.75,0.81,0.72,0.0
92,Wabash,17185,11520,94.9393028,5.270692028,30.25363815,18.85782477,3.053654097,19.75,27.98,1.185035039,0.73,0.77,0.77,0.0
93,Warren,17187,16844,91.52646577,3.848232509,28.33725219,16.66874026,3.950107653,0.0,0.0,1.306482734,0.77,0.79,0.76,0.0
94,Washington,17189,13887,92.73268764,5.63273789,29.73027449,19.12946506,3.327854242,0.0,0.0,1.453867647,0.78,0.82,0.79,0.0
95,Wayne,17191,16215,93.49439955,5.542782011,30.23745203,18.85508377,3.440527802,0.0,0.0,1.597577214,0.77,0.81,0.75,0.0
96,White,17193,13537,95.81738949,3.920590003,30.27718609,18.90675928,3.115950288,20.31,28.34,1.361891589,0.75,0.78,0.71,0.0
97,Whiteside,17195,55175,92.85178145,5.038715771,27.62755643,16.18220345,3.535643569,18.93,27.17,1.30641897,0.73,0.76,0.69,1.8000828038089751
98,Will,17197,690743,93.49493137,3.687956713,28.11082001,16.19987781,3.6755305,20.73,29.06,1.018074698,0.72,0.73,0.77,0.5787464063465331
99,Williamson,17199,66597,94.43734223,4.231875518,30.06609322,19.26213392,2.905786604,22.53,27.5,5.228340751,0.79,0.82,0.72,1.49293840136156
100,Winnebago,17201,282572,96.14216193,6.34209937,26.55460094,15.08723483,3.875833415,17.57,27.46,1.299643145,0.74,0.77,0.76,0.3525720128336213
101,Woodford,17203,38459,91.43036677,3.272349064,28.80393112,16.67833279,3.883061463,21.84,26.85,1.466269725,0.76,0.8,,0.0
